{
  "$schema": "https://turbo.build/schema.json",
  "globalDependencies": ["**/.env.*local"],
  "tasks": {
    "build": {
      "dependsOn": ["^build"],
      "outputs": ["dist/**", ".next/**", "!.next/cache/**"]
    },
    "dev": {
      "cache": false,
      "persistent": true
    },
    "lint": {
      "outputs": []
    },
    "type-check": {
      "dependsOn": ["^build"],
      "outputs": []
    },
    "test": {
      "dependsOn": ["^build"],
      "outputs": []
    },
    "test:watch": {
      "cache": false,
      "persistent": true
    },
    "clean": {
      "cache": false
    },
    "deploy": {
      "dependsOn": ["build", "test", "lint"],
      "outputs": []
    }
  }
}